Dataset,Brier Score,ECE
dblp_scholar_1250,0.05316871622896975,0.04352741269110159
walmart_amazon_1250,0.056673695401264365,0.03563151030612577
abt_buy_1250,0.057374460186489264,0.028782166074318275
itunes_amazon_1250,0.1128353922919181,0.023813328789765248
dblp_acm_1250,0.025642459600422184,0.03237157351875929
amazon_google_1250,0.06669872829422716,0.03177219285164395
beer_1250,0.06589632389121837,0.03837521692752533
fodors_zagats_1250,0.013431858661762124,0.03280214139889735
dbpedia10k_1250,0.01952783446033168,0.03792735057899517
