Dataset,Precision,Recall,F1
Beer,0.9666666666666668,0.4264705882352941,0.5918367346938775
Dblp-Acm,0.8693877551020408,0.9508928571428572,0.9083155650319832
Itunes-Amazon,0.7153846153846154,0.7045454545454546,0.7099236641221374
DBpedia,1.0,0.5645161290322581,0.7216494845360826
Abt-Buy,0.9545454545454546,0.4701492537313433,0.6300000000000001
Amazon-Google,0.4768211920529801,0.5669291338582677,0.5179856115107914
Dblp-Scholar,0.8190045248868778,0.7801724137931034,0.7991169977924946
Walmart-Amazon,0.7432432432432432,0.4700854700854701,0.5759162303664922
Fodors-Zagats,0.9357798165137616,0.9272727272727272,0.9315068493150684
