Dataset,Brier Score,ECE
dbpedia10k_1250,0.06942597717347936,0.0779435198164078
fodors_zagats_1250,0.02741821526072163,0.019810004635439405
abt_buy_1250,0.08942575118263808,0.0301631004048382
itunes_amazon_1250,0.22622271946505937,0.16720430487629068
dblp_acm_1250,0.04037361452510953,0.014243437408022044
beer_1250,0.03974861488169314,0.02237682885047385
walmart_amazon_1250,0.16683454543391435,0.10647799599880725
dblp_scholar_1250,0.06989057012184983,0.015996777671874008
amazon_google_1250,0.15546814352792943,0.10446544435765932
