{
  "Accuracy": 0.9155555555555556,
  "Precision": 0.9166666666666666,
  "Recall": 0.4852941176470588,
  "F1": 0.6346153846153846,
  "Correct Entropy": 0.3941073168971256,
  "Wrong Entropy": 0.76737546282883
}