{
  "Accuracy": 0.9133333333333333,
  "Precision": 0.9142857142857143,
  "Recall": 0.47058823529411764,
  "F1": 0.6213592233009708
}