Dataset,Precision,Recall,F1
Dblp-Scholar,0.8928571428571429,0.7543103448275862,0.8177570093457944
Walmart-Amazon,0.6981132075471698,0.3162393162393162,0.4352941176470588
Dblp-Acm,0.8917748917748918,0.9196428571428572,0.9054945054945056
Beer,0.9629629629629628,0.3823529411764705,0.5473684210526316
Abt-Buy,0.8536585365853658,0.2611940298507462,0.3999999999999999
Itunes-Amazon,0.6708860759493671,0.4015151515151515,0.5023696682464456
Amazon-Google,0.5,0.3070866141732283,0.3804878048780488
Fodors-Zagats,0.9302325581395348,0.3636363636363636,0.5228758169934641
