Dataset,F1_Diff,Recall_Diff,Precision_Diff
DBpedia,-0.23626398514290892,0.32258064516129026,-0.6459627329192548
Amazon-Google,-0.014322781525687611,0.48031496062992135,-0.21752917300862507
Beer,0.32136170212765935,0.4117647058823529,-0.010796221322537214
Dblp-Acm,-0.05001334578940342,0.017857142857143016,-0.0978532485233985
Dblp-Scholar,0.0319060034764006,0.2413793103448274,-0.14245341614906826
Fodors-Zagats,-0.03400893163861207,0.10000000000000009,-0.1499857224443174
Itunes-Amazon,-0.04972737186477649,0.34848484848484856,-0.3990568818155025
Walmart-Amazon,-0.09777319587628869,0.4786324786324785,-0.38296429419144823
Abt-Buy,0.1504322374242733,0.6343283582089554,-0.48539270048828925
