Dataset,Precision,Recall,F1
Dblp-Scholar,0.835,0.7198275862068966,0.7731481481481481
Walmart-Amazon,0.6623376623376623,0.4358974358974359,0.5257731958762887
Abt-Buy,0.9302325581395348,0.2985074626865671,0.4519774011299435
Itunes-Amazon,0.8205128205128205,0.4848484848484848,0.6095238095238096
Dblp-Acm,0.8830645161290323,0.9776785714285714,0.9279661016949152
Amazon-Google,0.5462962962962963,0.4645669291338583,0.502127659574468
Beer,0.9230769230769232,0.3529411764705882,0.5106382978723405
Fodors-Zagats,0.9514563106796116,0.8909090909090909,0.92018779342723
DBpedia,1.0,0.5806451612903226,0.7346938775510204
