Dataset,F1_Diff,Recall_Diff,Precision_Diff,F1 base,F1 hash
DBpedia,-0.23626398514290892,0.32258064516129026,-0.6459627329192548,0.7474747474747475,0.5112107623318386
Amazon-Google,-0.014322781525687611,0.48031496062992135,-0.21752917300862507,0.502127659574468,0.4878048780487804
Beer,0.32136170212765935,0.4117647058823529,-0.010796221322537214,0.5106382978723405,0.8319999999999999
Dblp-Acm,-0.05001334578940342,0.017857142857143016,-0.0978532485233985,0.9279661016949152,0.8779527559055118
Dblp-Scholar,0.0319060034764006,0.2413793103448274,-0.14245341614906826,0.7731481481481481,0.8050541516245487
Fodors-Zagats,-0.03400893163861207,0.10000000000000009,-0.1499857224443174,0.92018779342723,0.8861788617886179
Itunes-Amazon,-0.04972737186477649,0.34848484848484856,-0.3990568818155025,0.6095238095238096,0.5597964376590331
Walmart-Amazon,-0.09777319587628869,0.4786324786324785,-0.38296429419144823,0.5257731958762887,0.428
Abt-Buy,0.1504322374242733,0.6343283582089554,-0.48539270048828925,0.4519774011299435,0.6024096385542168
