Dataset,F1_Diff,Recall_Diff,Precision_Diff
DBpedia,-0.23396123396123403,0.32258064516129026,-0.64375
Amazon-Google,-0.010204081632653017,0.48818897637795283,-0.2218024399842582
Beer,0.33737634408602135,0.42647058823529405,-0.007719298245614015
Dblp-Acm,-0.047737265325910605,0.022321428571428825,-0.09737982551177515
Dblp-Scholar,0.033361797602303955,0.2413793103448274,-0.14029595015576324
Fodors-Zagats,-0.030391875059883056,0.10000000000000009,-0.1440489032722041
Itunes-Amazon,-0.05121570159164135,0.34848484848484856,-0.40809190809190815
Walmart-Amazon,-0.07989062466880059,0.4957264957264956,-0.37834253351494734
Abt-Buy,0.15481871537491093,0.6343283582089554,-0.48059227036975066
