Dataset,Precision,Recall,F1
Dblp-Scholar,0.8701923076923077,0.7801724137931034,0.8227272727272728
Itunes-Amazon,0.7619047619047619,0.6060606060606061,0.6751054852320676
Fodors-Zagats,0.9456521739130436,0.7909090909090909,0.8613861386138613
Beer,0.9090909090909092,0.4411764705882353,0.5940594059405941
Walmart-Amazon,0.7352941176470589,0.4273504273504273,0.5405405405405405
Abt-Buy,0.8222222222222222,0.2761194029850746,0.4134078212290503
Dblp-Acm,0.896551724137931,0.9285714285714286,0.912280701754386
Amazon-Google,0.55,0.3464566929133858,0.4251207729468599
