Dataset,Precision,Recall,F1
Beer,0.9047619047619048,0.5588235294117647,0.6909090909090908
Dblp-Acm,0.8482490272373541,0.9732142857142856,0.9064449064449064
Itunes-Amazon,0.6474820143884892,0.6818181818181818,0.6642066420664207
Abt-Buy,0.8688524590163934,0.3955223880597014,0.5435897435897435
Amazon-Google,0.4157303370786517,0.2913385826771653,0.3425925925925925
Dblp-Scholar,0.8211382113821138,0.8706896551724138,0.8451882845188285
Walmart-Amazon,0.5080645161290323,0.5384615384615384,0.5228215767634854
Fodors-Zagats,0.9479166666666666,0.8272727272727273,0.883495145631068
