Dataset,Precision,Recall,F1
Dblp-Scholar,0.835,0.7198275862068966,0.7731481481481481
Walmart-Amazon,0.6621621621621622,0.4188034188034188,0.5130890052356022
Abt-Buy,0.9302325581395348,0.2985074626865671,0.4519774011299435
Itunes-Amazon,0.8311688311688312,0.4848484848484848,0.6124401913875598
Dblp-Acm,0.8825910931174089,0.9732142857142856,0.9256900212314224
Amazon-Google,0.5523809523809524,0.4566929133858268,0.5
Beer,0.92,0.3382352941176471,0.4946236559139785
Fodors-Zagats,0.9514563106796116,0.8909090909090909,0.92018779342723
DBpedia,1.0,0.5967741935483871,0.7474747474747475
