Dataset,Sim Duration,LLM Matcher Duration
DBpedia,0.0136481659994842,563.7699859860136
Amazon-Google,0.0113392149987703,662.1741862080062
Beer,0.0005330650010364,209.55886815703437
Dblp-Acm,0.0142806729884341,589.799816913971
Dblp-Scholar,0.0328177369585773,553.9678510279755
Fodors-Zagats,0.0010045759963759,480.2906753549805
Itunes-Amazon,0.0007866970001941,217.16545995798697
Walmart-Amazon,0.0113434710033288,569.3127620430223
Abt-Buy,0.0111804649893656,567.0357636170083
